INCI_Name,Effect_Strength_Weight,Evidence_Level_Normalized,Evidence_Factor,Final_Effect_Score,Evidence_Quality
Alpha Arbutin,0.75,Limited,0.4,0.3,Limited clinical evidence
Tranexamic Acid,0.85,Limited,0.4,0.34,Limited clinical evidence
Kojic Acid,0.7,Limited,0.4,0.28,Limited clinical evidence
Ferulic Acid,0.8,Moderate,0.7,0.55,Moderate clinical evidence
Tocopherol,0.65,Moderate,0.7,0.455,Moderate clinical evidence
Tocopheryl Acetate,0.6,Moderate,0.7,0.42,Moderate
Resveratrol,0.75,Moderate,0.7,0.52,Moderate clinical evidence
Green Tea Extract,0.7,Moderate,0.7,0.48,Moderate
Centella Asiatica Extract,0.8,Limited,0.4,0.32,Limited clinical evidence
Madecassoside,0.85,Limited,0.4,0.34,Limited clinical evidence
Asiaticoside,0.8,Limited,0.4,0.32,Limited clinical evidence
Urea,0.75,Limited,0.4,0.3,Strong Clinical
Glycerin,0.65,Limited,0.4,0.26,Strong Clinical
Sodium PCA,0.6,Limited,0.4,0.24,Moderate
Betaine,0.6,Limited,0.4,0.24,Moderate
Propylene Glycol,0.4,Limited,0.4,0.16,Moderate
Butylene Glycol,0.45,Limited,0.4,0.18,Moderate
Squalane,0.7,Limited,0.4,0.28,Moderate
Shea Butter,0.6,Limited,0.4,0.24,Moderate
Petrolatum,0.9,Limited,0.4,0.36,Strong Clinical
Dimethicone,0.75,Limited,0.4,0.3,Moderate
Cyclopentasiloxane,0.5,Limited,0.4,0.2,Moderate
Phenoxyethanol,0.2,Limited,0.4,0.08,Moderate
Ethylhexylglycerin,0.3,Limited,0.4,0.12,Strong Clinical
Sodium Benzoate,0.25,Limited,0.4,0.1,Moderate
Potassium Sorbate,0.25,Limited,0.4,0.1,Moderate
Disodium EDTA,0.15,Limited,0.4,0.06,Moderate
Citric Acid,0.2,Limited,0.4,0.08,Moderate
Sodium Citrate,0.2,Limited,0.4,0.08,Moderate
Carbomer,0.15,Limited,0.4,0.06,Moderate
Acrylates/C10-30 Alkyl Acrylate Crosspolymer,0.2,Limited,0.4,0.08,Moderate
Triethanolamine,0.1,Limited,0.4,0.04,Moderate
Xanthan Gum,0.15,Limited,0.4,0.06,Moderate
Hydroxyethylcellulose,0.15,Limited,0.4,0.06,Moderate
Polyacrylate-13,0.2,Limited,0.4,0.08,Moderate
Isohexadecane,0.35,Limited,0.4,0.14,Moderate
Caprylic/Capric Triglyceride,0.6,Limited,0.4,0.24,Moderate
Cetearyl Alcohol,0.6,Limited,0.4,0.24,Moderate
Cetyl Alcohol,0.55,Limited,0.4,0.22,Moderate
Stearyl Alcohol,0.55,Limited,0.4,0.22,Moderate
Ceteareth-20,0.25,Limited,0.4,0.1,Moderate
Polysorbate 20,0.3,Limited,0.4,0.12,Moderate
Polysorbate 80,0.3,Limited,0.4,0.12,Moderate
PEG-40 Hydrogenated Castor Oil,0.25,Limited,0.4,0.1,Moderate
Sodium Laureth Sulfate,0.5,Limited,0.4,0.2,Moderate
Sodium Lauryl Sulfate,0.45,Limited,0.4,0.18,Moderate
Cocamidopropyl Betaine,0.6,Limited,0.4,0.24,Moderate
Decyl Glucoside,0.7,Limited,0.4,0.28,Moderate
Coco Glucoside,0.7,Limited,0.4,0.28,Moderate
Sodium Cocoyl Isethionate,0.75,Limited,0.4,0.3,Moderate
Sodium Lauroyl Sarcosinate,0.7,Limited,0.4,0.28,Moderate
Disodium Laureth Sulfosuccinate,0.75,Limited,0.4,0.3,Moderate
Sodium Cocoyl Glutamate,0.8,Limited,0.4,0.3200000000000001,Moderate
Sodium Lauroyl Glutamate,0.8,Limited,0.4,0.3200000000000001,Moderate
PEG-7 Glyceryl Cocoate,0.5,Limited,0.4,0.2,Moderate
Glyceryl Stearate,0.6,Limited,0.4,0.24,Moderate
PEG-100 Stearate,0.4,Limited,0.4,0.16,Moderate
Sorbitan Olivate,0.7,Limited,0.4,0.28,Moderate
Cetearyl Olivate,0.7,Limited,0.4,0.28,Moderate
Cholesterol,0.9,Limited,0.4,0.36,Moderate
Linoleic Acid,0.8,Limited,0.4,0.3200000000000001,Limited clinical evidence
Oleic Acid,0.5,Limited,0.4,0.2,Moderate
Palmitic Acid,0.55,Limited,0.4,0.22,Moderate
Stearic Acid,0.55,Limited,0.4,0.22,Moderate
Behenyl Alcohol,0.6,Limited,0.4,0.24,Moderate
Arachidyl Alcohol,0.6,Limited,0.4,0.24,Moderate
Arachidyl Glucoside,0.7,Limited,0.4,0.28,Moderate
Hydrogenated Lecithin,0.85,Limited,0.4,0.34,Moderate
Phytosphingosine,0.9,Limited,0.4,0.36,Limited clinical evidence
Ceramide AP,0.85,Limited,0.4,0.34,Strong Clinical
Ceramide EOP,0.9,Limited,0.4,0.36,Strong Clinical
Ceramide NS,0.85,Limited,0.4,0.34,Strong Clinical
Copper Tripeptide-1,0.9,Limited,0.4,0.36,Limited Human Data
Palmitoyl Pentapeptide-4,0.85,Limited,0.4,0.34,Limited Human Data
Palmitoyl Tripeptide-1,0.8,Limited,0.4,0.3200000000000001,Limited Human Data
Palmitoyl Tetrapeptide-7,0.8,Limited,0.4,0.3200000000000001,Limited Human Data
Acetyl Hexapeptide-8,0.75,Limited,0.4,0.3,Limited Human Data
Hexapeptide-11,0.7,Limited,0.4,0.28,Limited Human Data
Oligopeptide-1,0.9,Limited,0.4,0.36,Limited Human Data
Oligopeptide-2,0.85,Limited,0.4,0.34,Limited Human Data
Polyglutamic Acid,0.65,Limited,0.4,0.26,Moderate
Ectoin,0.8,Limited,0.4,0.3200000000000001,Limited clinical evidence
Beta-Glucan,0.8,Limited,0.4,0.3200000000000001,Limited clinical evidence
Colloidal Oatmeal,0.85,Limited,0.4,0.34,Limited clinical evidence
Allantoin,0.6,Limited,0.4,0.24,Moderate
N-Acetyl Glucosamine,0.8,Limited,0.4,0.3200000000000001,Limited clinical evidence
Tranexamic Acid Cetyl Ester,0.75,Limited,0.4,0.3,Limited clinical evidence
Niacinamide Ascorbate,0.75,Moderate,0.7,0.5249999999999999,Moderate clinical evidence
Ascorbyl Glucoside,0.7,Moderate,0.7,0.4899999999999999,Moderate
3-O-Ethyl Ascorbic Acid,0.8,Limited,0.4,0.3200000000000001,Limited clinical evidence
Magnesium Ascorbyl Phosphate,0.75,Moderate,0.7,0.5249999999999999,Moderate clinical evidence
Sodium Ascorbyl Phosphate,0.8,Limited,0.4,0.3200000000000001,Limited clinical evidence
Retinal,0.95,Limited,0.4,0.38,Limited clinical evidence
Hydroxypinacolone Retinoate,0.85,Limited,0.4,0.34,Limited clinical evidence
Bakuchiol,0.7,Limited,0.4,0.28,Moderate
Azelaoyl Diglycinate,0.75,Limited,0.4,0.3,Limited clinical evidence
Lipochroman-6,0.85,Moderate,0.7,0.595,Moderate clinical evidence
Astaxanthin,0.9,Moderate,0.7,0.63,Moderate clinical evidence
Coenzyme Q10,0.8,Moderate,0.7,0.5599999999999999,Moderate clinical evidence
Idebenone,0.85,Moderate,0.7,0.595,Moderate clinical evidence
Alpha-Lipoic Acid,0.75,Moderate,0.7,0.5249999999999999,Moderate clinical evidence
Glutathione,0.7,Moderate,0.7,0.4899999999999999,Moderate
Cysteamine HCl,0.9,Limited,0.4,0.36,Limited clinical evidence
Thiamidol,0.9,Limited,0.4,0.36,Limited clinical evidence
Dipotassium Glycyrrhizate,0.75,Limited,0.4,0.3,Limited clinical evidence
Glycyrrhiza Glabra Root Extract,0.8,Limited,0.4,0.3200000000000001,Limited clinical evidence
Artemisia Capillaris Extract,0.75,Limited,0.4,0.3,Limited clinical evidence
Propanediol,0.45,Limited,0.4,0.18,Moderate
Saccharomyces Ferment Filtrate,0.75,Limited,0.4,0.3,Limited clinical evidence
Galactomyces Ferment Filtrate,0.8,Limited,0.4,0.3200000000000001,Limited clinical evidence
Bifida Ferment Lysate,0.85,Limited,0.4,0.34,Limited clinical evidence
Lactobacillus Ferment Lysate,0.8,Limited,0.4,0.3200000000000001,Limited clinical evidence
Leuconostoc/Radish Root Ferment Filtrate,0.3,Limited,0.4,0.12,Moderate
Pseudoalteromonas Ferment Extract,0.85,Limited,0.4,0.34,Limited clinical evidence
Alteromonas Ferment Extract,0.8,Limited,0.4,0.3200000000000001,Limited clinical evidence
Tremella Fuciformis Polysaccharide,0.65,Limited,0.4,0.26,Moderate
Pullulan,0.4,Limited,0.4,0.16,Moderate
Biosaccharide Gum-1,0.7,Limited,0.4,0.28,Moderate
Sodium Hyaluronate Crosspolymer,0.75,Limited,0.4,0.3,Limited clinical evidence
Polyquaternium-51,0.8,Limited,0.4,0.3200000000000001,Moderate
Niacinamide Ferulate,0.8,Moderate,0.7,0.5599999999999999,Moderate clinical evidence
Sodium Retinoyl Hyaluronate,0.85,Limited,0.4,0.34,Limited clinical evidence
Hydroxystearic Acid,0.3,Limited,0.4,0.12,Moderate
Polyhydroxybutyrate,0.45,Limited,0.4,0.18,Moderate
Gluconolactone,0.8,Limited,0.4,0.3200000000000001,Limited clinical evidence
Lactobionic Acid,0.8,Limited,0.4,0.3200000000000001,Limited clinical evidence
Mandelic Acid,0.75,Limited,0.4,0.3,Limited clinical evidence
Succinic Acid,0.7,Limited,0.4,0.28,Moderate
Zinc Gluconate,0.75,Limited,0.4,0.3,Limited clinical evidence
Copper PCA,0.7,Limited,0.4,0.28,Moderate
Magnesium PCA,0.55,Limited,0.4,0.22,Moderate
Silica,0.4,Limited,0.4,0.16,Moderate
Mica,0.2,Limited,0.4,0.08,Moderate
Titanium Dioxide,1.0,Limited,0.4,0.4,Limited clinical evidence
Zinc Oxide,1.0,Limited,0.4,0.4,Limited clinical evidence
Diethylamino Hydroxybenzoyl Hexyl Benzoate,0.95,Limited,0.4,0.38,Moderate
Ethylhexyl Triazone,0.95,Limited,0.4,0.38,Moderate
Bis-Ethylhexyloxyphenol Methoxyphenyl Triazine,1.0,Limited,0.4,0.4,Moderate
Methylene Bis-Benzotriazolyl Tetramethylbutylphenol,1.0,Limited,0.4,0.4,Moderate
Octocrylene,0.9,Limited,0.4,0.36,Moderate
Butyl Methoxydibenzoylmethane,0.9,Limited,0.4,0.36,Moderate
Homosalate,0.7,Limited,0.4,0.28,Moderate
Octisalate,0.8,Limited,0.4,0.3200000000000001,Moderate
Ensulizole,0.8,Limited,0.4,0.3200000000000001,Moderate
Drometrizole Trisiloxane,0.95,Limited,0.4,0.38,Moderate
Ecamsule,0.95,Limited,0.4,0.38,Moderate
Polypodium Leucotomos Extract,0.8,Limited,0.4,0.3200000000000001,Limited clinical evidence
Niacinamide Salicylate,0.75,Limited,0.4,0.3,Limited clinical evidence
Capryloyl Salicylic Acid,0.85,Limited,0.4,0.34,Limited clinical evidence
Hexylresorcinol,0.8,Limited,0.4,0.3200000000000001,Limited clinical evidence
Phenylethyl Resorcinol,0.85,Limited,0.4,0.34,Limited clinical evidence
Dihydroxyacetone,0.3,Limited,0.4,0.12,Moderate
Erythrulose,0.35,Limited,0.4,0.14,Moderate
Caffeine,0.65,Moderate,0.7,0.455,Moderate
EGCG,0.8,Moderate,0.7,0.5599999999999999,Moderate clinical evidence
Niacinamide PCA,0.7,Limited,0.4,0.28,Limited clinical evidence
Sodium DNA,0.8,Limited,0.4,0.3200000000000001,Limited clinical evidence
PDRN,0.9,Moderate,0.4,0.36,Moderate Clinical (procedure‑based)
Sh-Oligopeptide-1,0.9,Limited,0.4,0.36,Limited Human Data
Sh-Polypeptide-11,0.85,Limited,0.4,0.34,Limited Human Data
Acetyl Tetrapeptide-5,0.7,Limited,0.4,0.28,Limited Human Data
Tripeptide-1,0.85,Limited,0.4,0.34,Limited Human Data
Palmitoyl Dipeptide-7,0.75,Limited,0.4,0.3,Limited Human Data
Acetyl Octapeptide-3,0.75,Limited,0.4,0.3,Limited Human Data
Pentapeptide-18,0.7,Limited,0.4,0.28,Limited Human Data
Oligopeptide-20,0.85,Limited,0.4,0.34,Limited Human Data
Sodium Carboxymethyl Beta-Glucan,0.8,Limited,0.4,0.3200000000000001,Limited clinical evidence
Hydroxypropyltrimonium Hyaluronate,0.75,Limited,0.4,0.3,Limited clinical evidence
Sodium Acetylated Hyaluronate,0.8,Limited,0.4,0.3200000000000001,Limited clinical evidence
Hydrolyzed Hyaluronic Acid,0.7,Limited,0.4,0.28,Limited clinical evidence
Sodium Lactate,0.6,Limited,0.4,0.24,Moderate
Ammonium Lactate,0.7,Limited,0.4,0.28,Moderate
Sodium PCA Lactate,0.6,Limited,0.4,0.24,Moderate
Trehalose,0.6,Limited,0.4,0.24,Moderate
Erythritol,0.55,Limited,0.4,0.22,Moderate
Sodium Polyglutamate,0.7,Limited,0.4,0.28,Moderate
Saccharide Isomerate,0.75,Limited,0.4,0.3,Limited clinical evidence
Inulin,0.6,Limited,0.4,0.24,Moderate
Alpha-Glucan Oligosaccharide,0.65,Limited,0.4,0.26,Moderate
Fructooligosaccharides,0.6,Limited,0.4,0.24,Moderate
Betaine Salicylate,0.7,Limited,0.4,0.28,Moderate
Gluconic Acid,0.7,Limited,0.4,0.28,Moderate
Malic Acid,0.65,Limited,0.4,0.26,Moderate
Tartaric Acid,0.6,Limited,0.4,0.24,Moderate
Citramalic Acid,0.6,Limited,0.4,0.24,Moderate
Pyruvic Acid,0.8,Limited,0.4,0.3200000000000001,Limited clinical evidence
Azelaic Acid Potassium Salt,0.7,Limited,0.4,0.28,Limited clinical evidence
Ferulic Acid Ethyl Ester,0.75,Moderate,0.7,0.5249999999999999,Moderate clinical evidence
Carnosine,0.8,Limited,0.4,0.3200000000000001,Limited clinical evidence
Ergothioneine,0.85,Moderate,0.7,0.595,Moderate clinical evidence
Lutein,0.75,Moderate,0.7,0.5249999999999999,Moderate clinical evidence
Zeaxanthin,0.75,Moderate,0.7,0.5249999999999999,Moderate clinical evidence
Baicalin,0.75,Limited,0.4,0.3,Limited clinical evidence
Baicalein,0.8,Moderate,0.7,0.5599999999999999,Moderate clinical evidence
Madecassic Acid,0.85,Limited,0.4,0.34,Limited clinical evidence
Asiatic Acid,0.85,Limited,0.4,0.34,Limited clinical evidence
Hesperidin Methyl Chalcone,0.75,Limited,0.4,0.3,Limited clinical evidence
Diosmin,0.7,Limited,0.4,0.28,Moderate
Niacinamide Chloride,0.7,Limited,0.4,0.28,Limited clinical evidence
Adenosine,0.8,Limited,0.4,0.3200000000000001,Limited clinical evidence
Proline,0.7,Limited,0.4,0.28,Moderate
Glycine,0.6,Limited,0.4,0.24,Moderate
Arginine,0.7,Limited,0.4,0.28,Moderate
Histidine,0.65,Moderate,0.7,0.455,Moderate
Serine,0.6,Limited,0.4,0.24,Moderate
Alanine,0.55,Limited,0.4,0.22,Moderate
Valine,0.6,Limited,0.4,0.24,Moderate
Leucine,0.6,Limited,0.4,0.24,Moderate
Isoleucine,0.6,Limited,0.4,0.24,Moderate
Phenylalanine,0.6,Limited,0.4,0.24,Moderate
Tyrosine,0.65,Limited,0.4,0.26,Moderate
Methionine,0.6,Moderate,0.7,0.42,Moderate
Cysteine,0.65,Moderate,0.7,0.455,Moderate
Taurine,0.6,Limited,0.4,0.24,Moderate
Carnitine,0.7,Limited,0.4,0.28,Moderate
Creatine,0.7,Limited,0.4,0.28,Moderate
Ubiquinol,0.85,Moderate,0.7,0.595,Moderate clinical evidence
Sodium Ascorbyl Phosphate Chloride,0.75,Limited,0.4,0.3,Limited clinical evidence
Ascorbyl Tetraisopalmitate,0.8,Moderate,0.7,0.5599999999999999,Moderate clinical evidence
Hydroxyacetophenone,0.35,Moderate,0.7,0.245,Moderate
Ethylhexylglycerin Carbonate,0.3,Limited,0.4,0.12,Strong Clinical
Caprylyl Glycol,0.4,Limited,0.4,0.16,Moderate
Pentylene Glycol,0.45,Limited,0.4,0.18,Moderate
Hydroxypropyl Cyclodextrin,0.35,Limited,0.4,0.14,Moderate
Cyclodextrin,0.4,Limited,0.4,0.16,Moderate
Hydroxypropyl Starch Phosphate,0.25,Limited,0.4,0.1,Moderate
Aluminum Starch Octenylsuccinate,0.3,Limited,0.4,0.12,Moderate
Polyurethane-35,0.35,Limited,0.4,0.14,Moderate
VP/VA Copolymer,0.25,Limited,0.4,0.1,Moderate
Sodium Chloride,0.05,Limited,0.4,0.02,Moderate
Calcium PCA,0.65,Limited,0.4,0.26,Moderate
Magnesium Ascorbyl Phosphate Phosphate,0.75,Moderate,0.7,0.5249999999999999,Moderate clinical evidence
Sodium Cocoyl Alaninate,0.75,Limited,0.4,0.3,Moderate
Sodium Cocoyl Glycinate,0.8,Limited,0.4,0.3200000000000001,Moderate
Disodium Cocoyl Glutamate,0.8,Limited,0.4,0.3200000000000001,Moderate
Lauryl Glucoside,0.7,Limited,0.4,0.28,Moderate
Coco-Betaine,0.6,Limited,0.4,0.24,Moderate
Sodium Lauroamphoacetate,0.75,Limited,0.4,0.3,Moderate
PEG-6 Caprylic/Capric Glycerides,0.3,Limited,0.4,0.12,Moderate
Polyglyceryl-10 Laurate,0.35,Limited,0.4,0.14,Moderate
Polyglyceryl-6 Caprylate,0.35,Limited,0.4,0.14,Moderate
Glyceryl Caprylate,0.4,Limited,0.4,0.16,Moderate
Sodium Levulinate,0.3,Limited,0.4,0.12,Moderate
Sodium Anisate,0.3,Limited,0.4,0.12,Moderate
Caprylhydroxamic Acid,0.45,Limited,0.4,0.18,Moderate
Dehydroacetic Acid,0.35,Limited,0.4,0.14,Moderate
Benzyl Alcohol,0.2,Limited,0.4,0.08,Moderate
Potassium Benzoate,0.25,Limited,0.4,0.1,Moderate
Sodium Dehydroacetate,0.3,Limited,0.4,0.12,Moderate
Undecylenoyl Glycine,0.75,Limited,0.4,0.3,Limited clinical evidence
Oleanolic Acid,0.8,Limited,0.4,0.3200000000000001,Limited clinical evidence
Nordihydroguaiaretic Acid,0.6,Moderate,0.7,0.42,Moderate
Apigenin,0.75,Moderate,0.7,0.5249999999999999,Moderate clinical evidence
Quercetin,0.8,Moderate,0.7,0.5599999999999999,Moderate clinical evidence
Rutin,0.7,Limited,0.4,0.28,Moderate
Ellagic Acid,0.8,Moderate,0.7,0.5599999999999999,Moderate clinical evidence
Feruloyl Soy Glycerides,0.7,Moderate,0.7,0.4899999999999999,Moderate
Syringic Acid,0.7,Moderate,0.7,0.4899999999999999,Moderate
Vanillic Acid,0.65,Moderate,0.7,0.455,Moderate
Sinapic Acid,0.7,Moderate,0.7,0.4899999999999999,Moderate
Caffeic Acid,0.7,Moderate,0.7,0.4899999999999999,Moderate
Chlorogenic Acid,0.7,Moderate,0.7,0.4899999999999999,Moderate
Rosmarinic Acid,0.8,Moderate,0.7,0.5599999999999999,Moderate clinical evidence
Ursolic Acid,0.75,Limited,0.4,0.3,Limited clinical evidence
Maslinic Acid,0.7,Limited,0.4,0.28,Moderate
Beta-Sitosterol,0.8,Limited,0.4,0.3200000000000001,Limited clinical evidence
Campesterol,0.75,Limited,0.4,0.3,Limited clinical evidence
Stigmasterol,0.75,Limited,0.4,0.3,Limited clinical evidence
Ergosterol,0.7,Limited,0.4,0.28,Moderate
Phytosterols,0.85,Limited,0.4,0.34,Limited clinical evidence
Squalene,0.6,Limited,0.4,0.24,Moderate
Isostearyl Isostearate,0.55,Limited,0.4,0.22,Moderate
C12-15 Alkyl Benzoate,0.6,Limited,0.4,0.24,Moderate
Diisopropyl Sebacate,0.55,Limited,0.4,0.22,Moderate
Neopentyl Glycol Diheptanoate,0.6,Limited,0.4,0.24,Moderate
Dicaprylyl Carbonate,0.65,Limited,0.4,0.26,Moderate
Isoamyl Laurate,0.6,Limited,0.4,0.24,Moderate
Coco-Caprylate/Caprate,0.65,Limited,0.4,0.26,Moderate
Hydrogenated Polyisobutene,0.6,Limited,0.4,0.24,Moderate
Polyisobutene,0.6,Limited,0.4,0.24,Moderate
Mineral Oil,0.9,Limited,0.4,0.36,Moderate
Microcrystalline Wax,0.7,Limited,0.4,0.28,Moderate
Ceresin,0.65,Limited,0.4,0.26,Moderate
Ozokerite,0.65,Limited,0.4,0.26,Moderate
Beeswax,0.6,Limited,0.4,0.24,Moderate
Candelilla Wax,0.6,Limited,0.4,0.24,Moderate
Carnauba Wax,0.55,Limited,0.4,0.22,Moderate
Hydrogenated Vegetable Oil,0.6,Limited,0.4,0.24,Moderate
Shea Olein,0.6,Limited,0.4,0.24,Moderate
Jojoba Oil,0.7,Limited,0.4,0.28,Moderate
Argan Oil,0.65,Moderate,0.7,0.455,Moderate
Sunflower Seed Oil,0.75,Limited,0.4,0.3,Moderate
Safflower Oil,0.7,Limited,0.4,0.28,Moderate
Rosehip Seed Oil,0.75,Limited,0.4,0.3,Moderate
Evening Primrose Oil,0.7,Limited,0.4,0.28,Moderate
Borage Seed Oil,0.75,Limited,0.4,0.3,Moderate
Camellia Seed Oil,0.65,Limited,0.4,0.26,Moderate
Grapeseed Oil,0.6,Limited,0.4,0.24,Moderate
Sweet Almond Oil,0.6,Limited,0.4,0.24,Moderate
Avocado Oil,0.7,Limited,0.4,0.28,Moderate
Macadamia Seed Oil,0.65,Limited,0.4,0.26,Moderate
Hemp Seed Oil,0.75,Limited,0.4,0.3,Moderate
Meadowfoam Seed Oil,0.7,Limited,0.4,0.28,Moderate
Rice Bran Oil,0.65,Moderate,0.7,0.455,Moderate
Sea Buckthorn Oil,0.8,Limited,0.4,0.3200000000000001,Moderate
Tamanu Oil,0.75,Limited,0.4,0.3,Moderate
Marula Oil,0.65,Limited,0.4,0.26,Moderate
Kukui Nut Oil,0.7,Limited,0.4,0.28,Moderate
Niacinamide Polydextrose,0.7,Limited,0.4,0.28,Limited clinical evidence
Retinyl Retinoate,0.95,Limited,0.4,0.38,Limited clinical evidence
Retinyl Palmitate,0.6,Limited,0.4,0.24,Moderate
Granactive Retinoid,0.85,Limited,0.4,0.34,Limited clinical evidence
Encapsulated Retinol,0.9,Limited,0.4,0.36,Limited clinical evidence
Polyhydroxy Acid Blend,0.8,Limited,0.4,0.3200000000000001,Limited clinical evidence
Encapsulated Salicylic Acid,0.85,Limited,0.4,0.34,Limited clinical evidence
Zinc Salicylate,0.75,Limited,0.4,0.3,Limited clinical evidence
Silver Citrate,0.7,Limited,0.4,0.28,Moderate
Lactoferrin,0.75,Limited,0.4,0.3,Limited clinical evidence
Epidermal Lipid Complex,0.95,Limited,0.4,0.38,Limited clinical evidence
Lamellar Emulsion Base,0.8,Limited,0.4,0.3200000000000001,Moderate
Chitosan,0.6,Limited,0.4,0.24,Moderate
Hydroxypropyl Chitosan,0.55,Limited,0.4,0.22,Moderate
Alginate,0.4,Limited,0.4,0.16,Moderate
Carrageenan,0.4,Limited,0.4,0.16,Moderate
Pullulan Crosspolymer,0.45,Limited,0.4,0.18,Moderate
Hydrolyzed Collagen,0.4,Limited,0.4,0.16,Moderate
Hydrolyzed Elastin,0.4,Limited,0.4,0.16,Moderate
Silk Amino Acids,0.45,Limited,0.4,0.18,Moderate
Hydrolyzed Rice Protein,0.45,Limited,0.4,0.18,Moderate
Hydrolyzed Wheat Protein,0.45,Limited,0.4,0.18,Moderate
Hydrolyzed Oat Protein,0.55,Limited,0.4,0.22,Moderate
Hydrolyzed Soy Protein,0.45,Limited,0.4,0.18,Moderate
Hydrolyzed Keratin,0.45,Limited,0.4,0.18,Moderate
DNA Repair Enzyme,0.9,Limited,0.4,0.36,Limited clinical evidence
Photolyase,0.9,Limited,0.4,0.36,Limited clinical evidence
Endonuclease,0.85,Limited,0.4,0.34,Limited clinical evidence
Fermented Hyaluronic Acid,0.75,Limited,0.4,0.3,Limited clinical evidence
Low Molecular Weight HA,0.7,Limited,0.4,0.28,Moderate
High Molecular Weight HA,0.65,Limited,0.4,0.26,Moderate
Crosslinked Hyaluronic Acid,0.8,Limited,0.4,0.3200000000000001,Limited clinical evidence
Biosaccharide Gum-2,0.7,Limited,0.4,0.28,Moderate
Sodium Alginate,0.4,Limited,0.4,0.16,Moderate
Calcium Alginate,0.4,Limited,0.4,0.16,Moderate
Gellan Gum,0.45,Limited,0.4,0.18,Moderate
Sclerotium Gum,0.45,Limited,0.4,0.18,Moderate
Pullulan Gum,0.45,Limited,0.4,0.18,Moderate
Konjac Glucomannan,0.6,Limited,0.4,0.24,Moderate
Beta-Glucan Oligosaccharide,0.85,Limited,0.4,0.34,Limited clinical evidence
Marine Collagen,0.4,Limited,0.4,0.16,Moderate
Elastin Amino Acids,0.4,Limited,0.4,0.16,Moderate
Pea Peptide,0.8,Limited,0.4,0.3200000000000001,Limited Human Data
Papain,0.7,Limited,0.4,0.28,Moderate
Bromelain,0.7,Limited,0.4,0.28,Moderate
Subtilisin,0.7,Limited,0.4,0.28,Moderate
Lipase,0.65,Limited,0.4,0.26,Moderate
Superoxide Dismutase,0.85,Moderate,0.7,0.595,Moderate clinical evidence
Catalase,0.8,Moderate,0.7,0.5599999999999999,Moderate clinical evidence
Glucose Oxidase,0.7,Limited,0.4,0.28,Moderate
Lactoperoxidase,0.7,Limited,0.4,0.28,Moderate
Chlorella Vulgaris Extract,0.75,Moderate,0.7,0.5249999999999999,Moderate clinical evidence
Spirulina Platensis Extract,0.75,Moderate,0.7,0.5249999999999999,Moderate clinical evidence
Haematococcus Pluvialis Extract,0.9,Moderate,0.7,0.63,Moderate clinical evidence
Dunaliella Salina Extract,0.8,Moderate,0.7,0.5599999999999999,Moderate clinical evidence
Aloe Barbadensis Leaf Juice,0.6,Limited,0.4,0.24,Moderate
Aloe Barbadensis Leaf Extract,0.7,Limited,0.4,0.28,Moderate
Calendula Officinalis Extract,0.75,Limited,0.4,0.3,Limited clinical evidence
Chamomilla Recutita Extract,0.75,Limited,0.4,0.3,Limited clinical evidence
Bisabolol,0.8,Limited,0.4,0.3200000000000001,Limited clinical evidence
Centella Asiatica Leaf Water,0.4,Limited,0.4,0.16,Strong Clinical
Glycyrrhiza Inflata Root Extract,0.85,Limited,0.4,0.34,Limited clinical evidence
Scutellaria Baicalensis Root Extract,0.8,Moderate,0.7,0.5599999999999999,Moderate clinical evidence
Morus Alba Root Extract,0.8,Limited,0.4,0.3200000000000001,Limited clinical evidence
Arctostaphylos Uva-Ursi Leaf Extract,0.75,Limited,0.4,0.3,Limited clinical evidence
Punica Granatum Extract,0.8,Moderate,0.7,0.5599999999999999,Moderate clinical evidence
Camellia Sinensis Leaf Extract,0.85,Moderate,0.7,0.595,Moderate clinical evidence
Vitis Vinifera Fruit Extract,0.75,Moderate,0.7,0.5249999999999999,Moderate clinical evidence
Vaccinium Myrtillus Fruit Extract,0.75,Moderate,0.7,0.5249999999999999,Moderate clinical evidence
Rubus Idaeus Leaf Extract,0.7,Limited,0.4,0.28,Moderate
Cucumis Sativus Fruit Extract,0.6,Limited,0.4,0.24,Moderate
Hamamelis Virginiana Leaf Extract,0.6,Limited,0.4,0.24,Moderate
Salix Alba Bark Extract,0.75,Limited,0.4,0.3,Limited clinical evidence
Rosmarinus Officinalis Leaf Extract,0.75,Moderate,0.7,0.5249999999999999,Moderate clinical evidence
Lavandula Angustifolia Oil,0.2,Limited,0.4,0.08,Moderate
Pelargonium Graveolens Oil,0.2,Limited,0.4,0.08,Moderate
Limonene,0.05,Limited,0.4,0.02,Moderate
Linalool,0.05,Limited,0.4,0.02,Moderate
Citral,0.05,Limited,0.4,0.02,Moderate
Geraniol,0.05,Limited,0.4,0.02,Moderate
CI 77491,0.05,Limited,0.4,0.02,Moderate
CI 77492,0.05,Limited,0.4,0.02,Moderate
CI 77499,0.05,Limited,0.4,0.02,Moderate
CI 77891,0.1,Limited,0.4,0.04,Moderate
CI 77007,0.05,Limited,0.4,0.02,Moderate
CI 77288,0.05,Limited,0.4,0.02,Moderate
CI 77742,0.05,Limited,0.4,0.02,Moderate
CI 42090,0.02,Limited,0.4,0.008,Moderate
CI 19140,0.02,Limited,0.4,0.008,Moderate
CI 16035,0.02,Limited,0.4,0.008,Moderate
Cyclohexasiloxane,0.6,Limited,0.4,0.24,Moderate
Dimethiconol,0.65,Limited,0.4,0.26,Moderate
Ethanol,0.4,Limited,0.4,0.16,Moderate
Isopropyl Alcohol,0.2,Limited,0.4,0.08,Moderate
Dipropylene Glycol,0.5,Limited,0.4,0.2,Moderate
Trisodium EDTA,0.3,Limited,0.4,0.12,Moderate
Sodium Phytate,0.35,Limited,0.4,0.14,Moderate
Lactic Acid,0.75,Limited,0.4,0.3,Limited clinical evidence
Sodium Hydroxide,0.05,Limited,0.4,0.02,Moderate
Potassium Hydroxide,0.05,Limited,0.4,0.02,Moderate
Tromethamine,0.2,Limited,0.4,0.08,Moderate
Aminomethyl Propanol,0.2,Limited,0.4,0.08,Moderate
Sodium Polyacrylate,0.35,Limited,0.4,0.14,Moderate
Polyacrylate Crosspolymer-6,0.4,Limited,0.4,0.16,Moderate
Chlorphenesin,0.3,Limited,0.4,0.12,Moderate
Polydeoxyribonucleotide Sodium,0.9,Moderate,0.4,0.36,Moderate Clinical (procedure‑based)
Salmon DNA Fragment,0.85,Limited,0.4,0.34,Limited clinical evidence
Exosome-like Vesicles,0.9,Moderate,0.4,0.36,Emerging Clinical
Stem Cell Conditioned Media,0.75,Moderate,0.7,0.5249999999999999,Moderate clinical evidence
Bakuchiol Analog (Babchi Synth),0.8,Limited,0.4,0.3200000000000001,Limited clinical evidence
Retinyl Retinoate Encapsulated,0.9,Limited,0.4,0.36,Limited clinical evidence
Hydroxyectoin,0.9,Limited,0.4,0.36,Limited clinical evidence
Trehalose Liposomes,0.75,Limited,0.4,0.3,Limited clinical evidence
Niacinamide Microcapsules,0.8,Limited,0.4,0.3200000000000001,Limited clinical evidence
Tranexamic Acid Liposome,0.85,Limited,0.4,0.34,Limited clinical evidence
Fermented Ceramide NP,0.9,Limited,0.4,0.36,Limited clinical evidence
Postbiotic Peptide Complex,0.8,Limited,0.4,0.3200000000000001,Limited Human Data
Water,0.1,Limited,0.4,0.04,Moderate
Isododecane,0.4,Limited,0.4,0.16,Moderate
Fragrance,0.1,Limited,0.4,0.04,Moderate
BHT,0.3,Moderate,0.7,0.21,Moderate
BHA,0.3,Moderate,0.7,0.21,Moderate
Menthol,0.2,Limited,0.4,0.08,Moderate
Camphor,0.2,Limited,0.4,0.08,Moderate
Alcohol Denat,0.15,Limited,0.4,0.06,
Isopropyl Myristate,0.4,Limited,0.4,0.16,Moderate
Caprylic Acid,0.6,Limited,0.4,0.24,Moderate
Capric Acid,0.6,Limited,0.4,0.24,Moderate
Retinol,0.95,Strong,1.0,0.95,Strong Clinical
L-Ascorbic Acid,0.9,Strong,1.0,0.9,Strong Clinical
Niacinamide,0.9,Strong,1.0,0.9,Strong Clinical
Salicylic Acid,0.85,Strong,1.0,0.85,Strong Clinical
Hyaluronic Acid,0.75,Strong,1.0,0.75,Strong Clinical
Glycolic Acid,0.8,Strong,1.0,0.8,Strong Clinical
Ceramide NP,0.9,Strong,1.0,0.9,Strong Clinical
Panthenol,0.7,Strong,1.0,0.7,Strong Clinical
Azelaic Acid,0.8,Strong,1.0,0.8,Strong Clinical
Matrixyl 3000,,Strong,1.0,,Moderate
Argireline,,Moderate,0.7,,Limited / Emerging
Centella Asiatica,0.75,Strong,1.0,0.75,Strong Clinical
Ethylhexylglycerin,,Strong,1.0,,Strong Clinical
Fermented Oil,,Moderate,0.7,,Limited / Emerging
Exosomes,,Moderate,1.0,,Emerging Clinical
Senolytic Pep,,Strong,1.0,,Moderate
Licorice Root,,Strong,1.0,,Moderate
Polyglutamic Acid,,Strong,1.0,,Moderate
Thiotic Acid,,Strong,1.0,,Moderate
Retinaldehyde,,Strong,1.0,,Strong Clinical
HPR,,Strong,1.0,,Moderate
Zinc PCA,0.7,Strong,1.0,0.7,Moderate
Phytosphingosine,,Limited,1.0,,Limited clinical evidence
Saccharide Isomerate,,Limited,1.0,,Limited clinical evidence
ETERWELL YOUTH,,Strong,1.0,,Moderate
Pickmulse,,Strong,1.0,,Strong Clinical
Galguard,,Strong,1.0,,Moderate
PRO-LONGEVIA,,Strong,1.0,,Moderate
Clarivine,,Strong,1.0,,Moderate
PhytoCellTec,,Moderate,1.0,,Emerging Clinical
Luceane,,Strong,1.0,,Strong Clinical
OleoShine Green,,Strong,1.0,,Moderate
Bemotrizinol,,Strong,1.0,,Strong Clinical
Bisphenol S,,Limited,0.4,,Moderate
"1,4-Dioxane",,Limited,0.4,,Moderate
Formaldehyde,,Limited,0.4,,Moderate
Benzene,,Limited,0.4,,Moderate
Coal Tar,,Limited,0.4,,Moderate
Hydroquinone,,Strong,1.0,,Strong Clinical
Benzoyl Perox,,Strong,1.0,,Strong Clinical
Adapalene,,Strong,1.0,,Strong Clinical
Aluminum Chlor,,Strong,1.0,,Strong Clinical
Rosehip Oil,,Strong,1.0,,Moderate
Mangifera Ind.,,Strong,1.0,,Moderate
Curcuma Longa,,Strong,1.0,,Moderate
Melicica,,Strong,1.0,,Moderate
Ginseng Ext,,Strong,1.0,,Moderate
Rosemary Ext,,Strong,1.0,,Strong Clinical
Pomegranate Ex,,Strong,1.0,,Moderate
Alpha-Glucan,,Strong,1.0,,Moderate
Titanium Diox,,Strong,1.0,,Strong Clinical
DMAE,,Moderate,0.7,,Limited / Emerging
Alpha Lipoic,,Strong,1.0,,Moderate
Vitamin K,,Moderate,0.7,,Limited / Emerging
Cocamidopropyl,,Strong,1.0,,Strong Clinical
Sodium Laureth,,Strong,1.0,,Strong Clinical
Methylparaben,,Strong,1.0,,Strong Clinical
Avobenzone,,Strong,1.0,,Strong Clinical
S3D Reverso,,Strong,1.0,,Moderate
Aloe Vera,,Limited,0.4,,Moderate
Algin,,Limited,0.4,,Moderate
Algae Extract,,Limited,0.4,,Moderate
Algae Exopolysaccharides,,Limited,0.4,,Moderate
Alaria Esculenta Extract,,Limited,0.4,,Moderate
Ahnfeltia Concinna Extract,,Limited,0.4,,Moderate
Acetyl Tyrosinamide,,Limited,0.4,,Moderate
Acetyl Tetrapeptide,,Limited,0.4,,Limited Human Data
Acetyl Glucosamine,,Limited,0.4,,Moderate
Acetylarginyltryptophyl Diphenylglycine,,Limited,0.4,,Moderate
Acai Extract,,Limited,0.4,,Moderate
Ascorbic Acid,,Limited,0.4,,Limited clinical evidence
Ascophyllum Nodosum Extract,,Moderate,0.7,,Moderate
Arginine PCA,,Limited,0.4,,Moderate
Arginine/Lysine Polypeptide,,Limited,0.4,,Limited Human Data
Arginine HCL,,Limited,0.4,,Moderate
Arbutin,,Limited,0.4,,Moderate
Aquagenium,,Limited,0.4,,Moderate
Apple Stem Cells,,Limited,0.4,,Moderate
,,Limited,0.4,,Moderate
Apple Polyphenols,,Moderate,0.7,,Moderate
Apple Extract,,Moderate,0.7,,Moderate
Anti-Ageing Peptides,,Limited,0.4,,Limited Human Data
Amino Acids,,Limited,0.4,,Moderate
Beta Glucan,,Limited,0.4,,Moderate
Azelaoyl Bis-Dipeptide,,Limited,0.4,,Limited Human Data
Avocado Ferment,,Limited,0.4,,Moderate
Avene Thermal Water,,Limited,0.4,,Moderate
Asparagopsis Armata Extract,,Moderate,0.7,,Moderate
Ascorbyl Palmitate,,Limited,0.4,,Moderate
Cabbage Leaf Extract,,Limited,0.4,,Moderate
Blue Mallow Extract,,Limited,0.4,,Moderate
Blue Lotus Extract,,Limited,0.4,,Moderate
Blueberry Extract,,Moderate,0.7,,Moderate
Bilberry Extract,,Limited,0.4,,Moderate
Bio-Active Glucosides,,Limited,0.4,,Moderate
Chondrus Crispus,,Limited,0.4,,Moderate
Chlorophyll,,Limited,0.4,,Moderate
Chamomile Extract,,Limited,0.4,,Moderate
Chlorella Protothecoides Oil,,Limited,0.4,,Moderate
Ceramides,,Limited,0.4,,Limited clinical evidence
Chlorella Protothecoides,,Limited,0.4,,Moderate
Chemical UV Filters,,Limited,0.4,,Moderate
Caprooyl Sphingosine,,Limited,0.4,,Moderate
Caprooyl Phytosphingosine,,Limited,0.4,,Moderate
Dunaliella Salina (Green Algae) Extract,,Limited,0.4,,Moderate
Dioic Acid,,Limited,0.4,,Moderate
Cucumber Extract,,Limited,0.4,,Moderate
Dipeptide Diaminobutyroyl Benzylamide Diacetate,,Limited,0.4,,Limited Human Data
Dipeptide,,Limited,0.4,,Limited Human Data
Copper Peptide,,Limited,0.4,,Limited Human Data
Copper Palmitoyl Heptapeptide,,Limited,0.4,,Limited Human Data
Copper Heptapeptide-14 Pantothenate,,Limited,0.4,,Limited Human Data
Coffee Seed Extract,,Limited,0.4,,Moderate
Cinnamon Bark,,Limited,0.4,,Moderate
Fomes Officinalis (Mushroom) Extract,,Limited,0.4,,Moderate
Ginkgo Biloba,,Limited,0.4,,Moderate
Feverfew Extract,,Limited,0.4,,Moderate
Ferric Hexapeptide,,Limited,0.4,,Limited Human Data
Fernblock,,Limited,0.4,,Moderate
Essential Lipids,,Limited,0.4,,Moderate
Endothelyol,,Limited,0.4,,Moderate
Ethylhexyl Salicylate,,Limited,0.4,,Moderate
Ethyl Ascorbic Acid,,Limited,0.4,,Limited clinical evidence
Green Tea,,Limited,0.4,,Moderate
Glycosphingolipids,,Limited,0.4,,Moderate
Glycoproteins,,Limited,0.4,,Moderate
Glycolipids,,Limited,0.4,,Moderate
Golden-Eye Grass Complex,,Moderate,0.7,,Moderate
Glyceryl Glucoside,,Limited,0.4,,Moderate
Indian Gooseberry,,Limited,0.4,,Moderate
Hydrolyzed Pumpkin Seedcake,,Limited,0.4,,Moderate
Hydrolyzed F-Fucoidan,,Limited,0.4,,Moderate
Humectants,,Limited,0.4,,Moderate
Hibiscus Fruit Extract,,Limited,0.4,,Moderate
Horse Chestnut,,Moderate,0.7,,Moderate
Heptapeptide-15 Palmitate,,Limited,0.4,,Limited Human Data
Guarana Extract,,Limited,0.4,,Moderate
Lecithin,,Limited,0.4,,Moderate
L-Carnitine,,Limited,0.4,,Moderate
Laminaria Ochroleuca (Kelp) Extract,,Limited,0.4,,Moderate
Lactococcus Ferment Lysate,,Limited,0.4,,Moderate
Lactobacillus Ferment,,Limited,0.4,,Moderate
Lactobacillus Extract Filtrate,,Limited,0.4,,Moderate
Kola Seed Extract,,Limited,0.4,,Moderate
Jeju Green Tea Water,,Moderate,0.7,,Moderate
Jojoba Beads,,Limited,0.4,,Moderate
Macrocystis Pyrifera (Kelp) Extract,,Limited,0.4,,Moderate
Magnesium Sulfate,,Limited,0.4,,Moderate
Lysine,,Limited,0.4,,Moderate
Lily Extract,,Limited,0.4,,Moderate
Luffa Cylindrica Extract,,Limited,0.4,,Moderate
Linolenic Acid,,Limited,0.4,,Moderate
Licorice Extract,,Limited,0.4,,Moderate
Natural Moisturising Factors,,Limited,0.4,,Moderate
Licochalcone A,,Limited,0.4,,Moderate
Naringenin Chalcone,,Limited,0.4,,Moderate
Myristoyl Nonapeptide,,Limited,0.4,,Limited Human Data
Myristol Pentapeptide,,Limited,0.4,,Limited Human Data
Milk Thistle Extract,,Limited,0.4,,Moderate
Myristol Hexapeptide,,Limited,0.4,,Limited Human Data
Mushroom Extract,,Limited,0.4,,Moderate
Moringa Seed Extract,,Limited,0.4,,Moderate
Marshmallow Root,,Limited,0.4,,Moderate
Mineral UV Filters,,Limited,0.4,,Moderate
Marine Extract,,Limited,0.4,,Moderate
Mango Seed Butter,,Limited,0.4,,Moderate
Palmitoyl Oligopeptide,,Limited,0.4,,Limited Human Data
Palmitoyl Nonapeptide,,Limited,0.4,,Limited Human Data
Palmitoyl Pentapeptide,,Limited,0.4,,Limited Human Data
Palmitoyl Glycine,,Limited,0.4,,Limited Human Data
Palmitoyl Heptapeptide,,Limited,0.4,,Limited Human Data
Palmitoyl Decapeptide,,Limited,0.4,,Limited Human Data
Oligopeptide,,Limited,0.4,,Limited Human Data
Padina Pavonica Thallus Extract,,Limited,0.4,,Moderate
Oat Extract,,Limited,0.4,,Moderate
Octinoxate,,Limited,0.4,,Moderate
Polyhydroxy Acids,,Limited,0.4,,Moderate
Porphyridium Cruentum Extract,,Limited,0.4,,Moderate
Polyporus Umbellatus (Mushroom) Extract,,Limited,0.4,,Moderate
Phytic Acid,,Limited,0.4,,Moderate
Plankton Extract,,Limited,0.4,,Moderate
Perfluorodecalin,,Limited,0.4,,Moderate
Phospholipids,,Limited,0.4,,Moderate
Palmitoyl  Tripeptide-1,,Limited,0.4,,Limited Human Data
Pentapeptide,,Limited,0.4,,Limited Human Data
Palmitoyl Tetrapeptide,,Limited,0.4,,Limited Human Data
Parachlorella Beijerinckii Exopolysaccharides,,Limited,0.4,,Moderate
Palmitoyl Tripeptide,,Limited,0.4,,Limited Human Data
Neurophroline,,Limited,0.4,,Moderate
Retinyl Propionate,,Limited,0.4,,Moderate
Red Algae,,Limited,0.4,,Moderate
Pseudoalteromonas Exopolysaccharides,,Limited,0.4,,Moderate
Potassium Azeloyl Diglycinate,,Limited,0.4,,Moderate
Probiotics,,Limited,0.4,,Moderate
Prickly Pear Extract,,Limited,0.4,,Moderate
Snow Mushroom Extract,,Limited,0.4,,Moderate
Prebiotics,,Limited,0.4,,Moderate
Sesame Seed Oil,,Limited,0.4,,Moderate
Silk Protein,,Limited,0.4,,Moderate
Sh-Oligopeptide,,Limited,0.4,,Limited Human Data
Sea Buckthorn Water,,Limited,0.4,,Moderate
Saskatoon Berry,,Limited,0.4,,Moderate
Rosemary Leaf Extract,,Limited,0.4,,Moderate
Safflower Seed Oil,,Limited,0.4,,Moderate
Saccharomyces Cerevisiae (Yeast) Extract,,Limited,0.4,,Moderate
Sacred Lotus Flower Extract,,Limited,0.4,,Moderate
Tasmanian Pepperberry Extract,,Moderate,0.7,,Moderate
Rhamnose,,Limited,0.4,,Moderate
Symsitive,,Limited,0.4,,Moderate
Sugar Cane Extract,,Limited,0.4,,Moderate
Sunflower Oil,,Moderate,0.7,,Moderate
Spent Grain Wax,,Limited,0.4,,Moderate
Sulfur,,Limited,0.4,,Moderate
Turmeric Root Extract,,Limited,0.4,,Moderate
Tripleurospermum Maritimum Extract,,Limited,0.4,,Moderate
Triazine Diethyl Butamidotriazone,,Limited,0.4,,Moderate
Tomato Stem Cells,,Limited,0.4,,Moderate
Teprenone,,Limited,0.4,,Moderate
Threonine,,Limited,0.4,,Moderate
Tetrahexyldecyl Ascorbate,,Limited,0.4,,Moderate
Zinc,,Limited,0.4,,Moderate
Yerba Mate Extract,,Limited,0.4,,Moderate
Yeast Amino Acids,,Limited,0.4,,Moderate
Willow Herb Extract,,Moderate,0.7,,Moderate
Willow Bark Extract,,Limited,0.4,,Moderate
Wild Cherry Extract,,Moderate,0.7,,Moderate
White Tea,,Moderate,0.7,,Moderate
Vitamin K1,,Limited,0.4,,Moderate
Vitamin E,,Limited,0.4,,Moderate
Vitamin C,,Moderate,0.7,,Moderate
Vitamin B5,,Limited,0.4,,Moderate
Vitamin A,,Limited,0.4,,Moderate
Vibrio Alginolyticus Ferment Filtrate,,Limited,0.4,,Moderate
Tea Tree Oil,,Limited,0.4,,Moderate
Zinc Sulfate,,Limited,0.4,,Moderate
Neoglucosamine,,Limited,0.4,,Moderate
Marine Bioretinol Complex,0.7,Moderate,0.7,0.4899999999999999,Moderate clinical evidence
Vegan Polydeoxyribonucleotide,0.85,Moderate,0.4,0.34,Moderate Clinical (procedure‑based)
Senolytic Peptide Complex,0.8,Limited,0.4,0.3200000000000001,Limited Human Data
Nicotinamide Mononucleotide,0.75,Moderate,0.7,0.5249999999999999,Limited / Emerging
Fucose-Rich Polysaccharide Complex,0.8,Limited,0.4,0.3200000000000001,Limited clinical evidence
Postbiotic Lactobacillus Metabolite,0.75,Limited,0.4,0.3,Limited clinical evidence
Pycnogenol,0.7,Moderate,0.7,0.4899999999999999,Moderate
Ceramide EOS,0.95,Strong,1.0,0.95,Strong Clinical
Hexapeptide-9,0.75,Limited,0.7,0.5249999999999999,Limited Human Data
Azelaoyl Glycine,0.8,Moderate,0.7,0.5599999999999999,Moderate
Azelaic Acid Derivative,0.75,Moderate,0.7,0.5249999999999999,Moderate clinical evidence
Glutathione Ethyl Ester,0.75,Moderate,0.7,0.5249999999999999,Moderate
Tripeptide-10 Citrulline,0.7,Limited,0.7,0.4899999999999999,Limited Human Data
Mulberry Extract,0.75,Moderate,0.7,0.5249999999999999,Moderate
Arnica Montana Extract,0.6,Limited,0.4,0.24,Limited / Emerging
Azelaic Acid Liposome,0.85,Moderate,0.7,0.595,Moderate clinical evidence
Glucosyl Hesperidin,0.6,Limited,0.4,0.24,Limited / Emerging
Tetrapeptide-21,0.75,Limited,0.7,0.5249999999999999,Limited Human Data
Copper Lysinate/Prolinate,0.85,Moderate,0.7,0.595,Moderate
Hydroxypinacolone Retinoate Complex,0.9,Strong,1.0,0.9,Strong Clinical
Oligopeptide-68,0.75,Limited,0.4,0.3,Limited Human Data
Tranexamic Acid Polymer,0.85,Limited,0.4,0.34,Limited clinical evidence
Oligopeptide-34,0.8,Limited,0.7,0.5599999999999999,Limited Human Data
Oligopeptide-51,0.8,Limited,0.7,0.5599999999999999,Limited Human Data
Exosome Extract,0.85,Moderate,0.4,0.34,Emerging Clinical
Ethylhexyl Methoxycinnamate,0.8,Strong,1.0,0.8,Strong Clinical
Iron Oxides,0.85,Moderate,0.7,0.595,Moderate
Retinyl Acetate,0.6,Moderate,0.7,0.42,Moderate
Retinyl Linoleate,0.55,Limited,0.4,0.22,Limited / Emerging
Oligopeptide-24,0.85,Limited,0.4,0.34,Limited Human Data
Callus Culture Extract,0.7,Moderate,0.7,0.4899999999999999,Limited / Emerging
Human Adipose Stem Cell Conditioned Media,0.9,Limited,0.4,0.36,Limited / Emerging
Tranexamic Acid Cetyl Phosphate,0.9,Strong,1.0,0.9,Strong Clinical
4-Methoxysalicylic Acid Potassium Salt,0.85,Strong,1.0,0.85,Strong Clinical
Tranexamic Acid Stearate,0.85,Moderate,0.7,0.595,Moderate clinical evidence
Madecassoside Asiatica Complex,0.8,Strong,1.0,0.8,Strong Clinical
Aqua,,Limited,0.4,,
Sodium Hyaluronate,0.75,Strong,1.0,0.75,
Cocos Nucifera Oil,0.3,Limited,0.4,0.12,
Water/Aqua,0.0,Moderate,0.7,0.0,
Propylene Glycol Dicaprylate/Dicaprate,1.0,Limited,0.4,0.4,
Titanium Dioxide (nano),5.0,Strong,1.0,5.0,
Nylon-12,1.0,Limited,0.4,0.4,
Diisopropyl Adipate,1.0,Moderate,0.7,0.7,
Silybum Marianum Extract,2.0,Moderate,0.7,1.4,
Hydroxyethyl Acrylate/Sodium Acryloyldimethyl Taurate Copolymer,0.0,Limited,0.4,0.0,
Acacia Senegal Gum,1.0,Limited,0.4,0.4,
Trisodium Ethylenediamine Disuccinate,0.0,Limited,0.4,0.0,
Titanium Dioxide,5.0,Limited,1.0,5.0,Limited clinical evidence
Zinc Oxide,5.0,Limited,1.0,5.0,Limited clinical evidence
Avobenzone,5.0,Strong,1.0,5.0,Strong Clinical
Octinoxate,5.0,Strong,1.0,5.0,Moderate
Octisalate,5.0,Strong,1.0,5.0,Moderate
Octocrylene,5.0,Strong,1.0,5.0,Moderate
Homosalate,5.0,Strong,1.0,5.0,Moderate
Oxybenzone,5.0,Strong,1.0,5.0,
Ensulizole,5.0,Strong,1.0,5.0,Moderate
Meradimate,5.0,Strong,1.0,5.0,
Ecamsule,5.0,Strong,1.0,5.0,Moderate
Diethylamino Hydroxybenzoyl Hexyl Benzoate,5.0,Strong,1.0,5.0,Moderate
Ethylhexyl Triazone,5.0,Strong,1.0,5.0,Moderate
Bis-Ethylhexyloxyphenol Methoxyphenyl Triazine,5.0,Strong,1.0,5.0,Moderate
Methylene Bis-Benzotriazolyl Tetramethylbutylphenol,5.0,Strong,1.0,5.0,Moderate
Polysilicone-15,5.0,Strong,1.0,5.0,
Terephthalylidene Dicamphor Sulfonic Acid,5.0,Strong,1.0,5.0,
Phenylbenzimidazole Sulfonic Acid,5.0,Strong,1.0,5.0,
Isoamyl p-Methoxycinnamate,5.0,Strong,1.0,5.0,
Diethylhexyl Butamido Triazone,5.0,Strong,1.0,5.0,
Drometrizole Trisiloxane,5.0,Strong,1.0,5.0,Moderate
Benzophenone-1,5.0,Strong,1.0,5.0,
Benzophenone-2,5.0,Strong,1.0,5.0,
Benzophenone-3,5.0,Strong,1.0,5.0,
Benzophenone-4,5.0,Strong,1.0,5.0,
Benzophenone-5,5.0,Strong,1.0,5.0,
Camphor Benzalkonium Methosulfate,5.0,Strong,1.0,5.0,
UV Filter Variant 1,5.0,Strong,1.0,5.0,
UV Filter Variant 2,5.0,Strong,1.0,5.0,
UV Filter Variant 3,5.0,Strong,1.0,5.0,
UV Filter Variant 4,5.0,Strong,1.0,5.0,
UV Filter Variant 5,5.0,Strong,1.0,5.0,
UV Filter Variant 6,5.0,Strong,1.0,5.0,
UV Filter Variant 7,5.0,Strong,1.0,5.0,
UV Filter Variant 8,5.0,Strong,1.0,5.0,
UV Filter Variant 9,5.0,Strong,1.0,5.0,
UV Filter Variant 10,5.0,Strong,1.0,5.0,
UV Filter Variant 11,5.0,Strong,1.0,5.0,
UV Filter Variant 12,5.0,Strong,1.0,5.0,
UV Filter Variant 13,5.0,Strong,1.0,5.0,
UV Filter Variant 14,5.0,Strong,1.0,5.0,
UV Filter Variant 15,5.0,Strong,1.0,5.0,
UV Filter Variant 16,5.0,Strong,1.0,5.0,
UV Filter Variant 17,5.0,Strong,1.0,5.0,
UV Filter Variant 18,5.0,Strong,1.0,5.0,
UV Filter Variant 19,5.0,Strong,1.0,5.0,
UV Filter Variant 20,5.0,Strong,1.0,5.0,
UV Filter Variant 21,5.0,Strong,1.0,5.0,
UV Filter Variant 22,5.0,Strong,1.0,5.0,
UV Filter Variant 23,5.0,Strong,1.0,5.0,
UV Filter Variant 24,5.0,Strong,1.0,5.0,
UV Filter Variant 25,5.0,Strong,1.0,5.0,
UV Filter Variant 26,5.0,Strong,1.0,5.0,
UV Filter Variant 27,5.0,Strong,1.0,5.0,
UV Filter Variant 28,5.0,Strong,1.0,5.0,
UV Filter Variant 29,5.0,Strong,1.0,5.0,
UV Filter Variant 30,5.0,Strong,1.0,5.0,
UV Filter Variant 31,5.0,Strong,1.0,5.0,
UV Filter Variant 32,5.0,Strong,1.0,5.0,
UV Filter Variant 33,5.0,Strong,1.0,5.0,
UV Filter Variant 34,5.0,Strong,1.0,5.0,
UV Filter Variant 35,5.0,Strong,1.0,5.0,
UV Filter Variant 36,5.0,Strong,1.0,5.0,
UV Filter Variant 37,5.0,Strong,1.0,5.0,
UV Filter Variant 38,5.0,Strong,1.0,5.0,
UV Filter Variant 39,5.0,Strong,1.0,5.0,
UV Filter Variant 40,5.0,Strong,1.0,5.0,
UV Filter Variant 41,5.0,Strong,1.0,5.0,
UV Filter Variant 42,5.0,Strong,1.0,5.0,
UV Filter Variant 43,5.0,Strong,1.0,5.0,
UV Filter Variant 44,5.0,Strong,1.0,5.0,
UV Filter Variant 45,5.0,Strong,1.0,5.0,
UV Filter Variant 46,5.0,Strong,1.0,5.0,
UV Filter Variant 47,5.0,Strong,1.0,5.0,
UV Filter Variant 48,5.0,Strong,1.0,5.0,
UV Filter Variant 49,5.0,Strong,1.0,5.0,
UV Filter Variant 50,5.0,Strong,1.0,5.0,
UV Filter Variant 51,5.0,Strong,1.0,5.0,
UV Filter Variant 52,5.0,Strong,1.0,5.0,
UV Filter Variant 53,5.0,Strong,1.0,5.0,
UV Filter Variant 54,5.0,Strong,1.0,5.0,
UV Filter Variant 55,5.0,Strong,1.0,5.0,
UV Filter Variant 56,5.0,Strong,1.0,5.0,
UV Filter Variant 57,5.0,Strong,1.0,5.0,
UV Filter Variant 58,5.0,Strong,1.0,5.0,
UV Filter Variant 59,5.0,Strong,1.0,5.0,
UV Filter Variant 60,5.0,Strong,1.0,5.0,
UV Filter Variant 61,5.0,Strong,1.0,5.0,
UV Filter Variant 62,5.0,Strong,1.0,5.0,
UV Filter Variant 63,5.0,Strong,1.0,5.0,
UV Filter Variant 64,5.0,Strong,1.0,5.0,
UV Filter Variant 65,5.0,Strong,1.0,5.0,
UV Filter Variant 66,5.0,Strong,1.0,5.0,
UV Filter Variant 67,5.0,Strong,1.0,5.0,
UV Filter Variant 68,5.0,Strong,1.0,5.0,
UV Filter Variant 69,5.0,Strong,1.0,5.0,
UV Filter Variant 70,5.0,Strong,1.0,5.0,
UV Filter Variant 71,5.0,Strong,1.0,5.0,
UV Filter Variant 72,5.0,Strong,1.0,5.0,
UV Filter Variant 73,5.0,Strong,1.0,5.0,
UV Filter Variant 74,5.0,Strong,1.0,5.0,
UV Filter Variant 75,5.0,Strong,1.0,5.0,
UV Filter Variant 76,5.0,Strong,1.0,5.0,
UV Filter Variant 77,5.0,Strong,1.0,5.0,
UV Filter Variant 78,5.0,Strong,1.0,5.0,
UV Filter Variant 79,5.0,Strong,1.0,5.0,
UV Filter Variant 80,5.0,Strong,1.0,5.0,
UV Filter Variant 81,5.0,Strong,1.0,5.0,
UV Filter Variant 82,5.0,Strong,1.0,5.0,
UV Filter Variant 83,5.0,Strong,1.0,5.0,
UV Filter Variant 84,5.0,Strong,1.0,5.0,
Phenoxyethanol,0.0,Strong,1.0,0.0,Moderate
Parabens,0.0,Strong,1.0,0.0,
Methylparaben,0.0,Strong,1.0,0.0,Strong Clinical
Propylparaben,0.0,Strong,1.0,0.0,
Butylparaben,0.0,Strong,1.0,0.0,
Benzyl Alcohol,0.0,Strong,1.0,0.0,Moderate
Chlorphenesin,0.0,Strong,1.0,0.0,Moderate
Sodium Benzoate,0.0,Strong,1.0,0.0,Moderate
Potassium Sorbate,0.0,Strong,1.0,0.0,Moderate
Ethylhexylglycerin,0.0,Strong,1.0,0.0,Strong Clinical
Formaldehyde,0.0,Strong,1.0,0.0,Moderate
DMDM Hydantoin,0.0,Strong,1.0,0.0,
Imidazolidinyl Urea,0.0,Strong,1.0,0.0,
Diazolidinyl Urea,0.0,Strong,1.0,0.0,
Quaternium-15,0.0,Strong,1.0,0.0,
Methylisothiazolinone,0.0,Strong,1.0,0.0,
Methylchloroisothiazolinone,0.0,Strong,1.0,0.0,
Dehydroacetic Acid,0.0,Strong,1.0,0.0,Moderate
Caprylyl Glycol,0.0,Strong,1.0,0.0,Moderate
Acetyl Tetrapeptide-11,,Limited,,,Limited Human Data
Acetyl Tetrapeptide-2,,Limited,,,Limited Human Data
Acetyl Zingerone,,,,,
Acrylates Copolymer,,,,,
Adansonia Digitata Seed Oil,,,,,
Alpha Lipoic Acid,,,,,
Alpha-Arbutin,,,,,
Ammonium Acryloyldimethyltaurate/VP Copolymer,,,,,
Artemisia Princeps Leaf Extract,,,,,
Aspergillus Ferment,,,,,
Bacillus Ferment,,,,,
Beta-Cyclodextrin,,,,,
Hydroxyethyl Urea,,,,,
Tretinoin,,,,,
Kojic Dipalmitate,,,,,
Undecylenoyl Phenylalanine,,,,,
Nonapeptide-1,,Limited,,,Limited Human Data
Phloretin,,,,,
Palmitoyl Tripeptide-38,,Limited,,,Limited Human Data
Myristoyl Pentapeptide-17,,Limited,,,Limited Human Data
Saccharomyces Ferment,,,,,
Thermus Thermophillus Ferment,,,,,
Vitreoscilla Ferment,,,,,
Sodium Lauroyl Methyl Isethionate,,,,,
Caprylyl/Capryl Glucoside,,,,,
Potassium Cocoyl Glycinate,,,,,
Hydroxypropyl Methylcellulose,,,,,
Liposomes,,,,,
Niosomes,,,,,
